"id","theme","fileName","headline","wish","alt","scenePrompt","commonPrompt","textTone","status","backgroundPath","finalPath"
"01","День рождения женщине","den-rozhdeniya-zhenshchine-piony.jpg","С днём рождения!","Пусть каждый день дарит радость и вдохновение!","Праздничная открытка с пионами и розами на пудровом фоне","Luxurious bouquet of blush peonies and garden roses, subtle champagne-gold accents, powder-pink background, soft studio light, elegant premium floral editorial style, flowers concentrated in the lower and side areas.","Original portrait greeting-card background, 4:5 aspect ratio, polished editorial illustration or photography as specified, calm uncluttered upper third reserved for a later Russian headline and one short wish, balanced negative space, no text, no letters, no numbers, no logo, no watermark, no signature, no border, no brand, no copyrighted character, not a copy of an existing greeting card.","dark","accepted","content/pilot-2026-08/backgrounds/01.png","content/pilot-2026-08/final/den-rozhdeniya-zhenshchine-piony.jpg"
"02","День рождения женщине","den-rozhdeniya-zhenshchine-akvarel.jpg","С днём рождения!","Желаю счастья, тепла и исполнения желаний!","Акварельная открытка с тюльпанами и полевыми цветами","Airy watercolor tulips and delicate wildflowers, translucent pigments, ivory paper texture, fresh spring palette, generous light and soft edges.","Original portrait greeting-card background, 4:5 aspect ratio, polished editorial illustration or photography as specified, calm uncluttered upper third reserved for a later Russian headline and one short wish, balanced negative space, no text, no letters, no numbers, no logo, no watermark, no signature, no border, no brand, no copyrighted character, not a copy of an existing greeting card.","dark","accepted","content/pilot-2026-08/backgrounds/02.png","content/pilot-2026-08/final/den-rozhdeniya-zhenshchine-akvarel.jpg"
"03","День рождения женщине","den-rozhdeniya-zhenshchine-buket.jpg","С праздником!","Пусть жизнь расцветает прекрасными событиями!","Современная открытка с лаконичным цветочным букетом","Modern minimal floral still life, one sculptural bouquet in a matte ceramic vase, cream and muted coral palette, refined geometric shadows, contemporary magazine styling.","Original portrait greeting-card background, 4:5 aspect ratio, polished editorial illustration or photography as specified, calm uncluttered upper third reserved for a later Russian headline and one short wish, balanced negative space, no text, no letters, no numbers, no logo, no watermark, no signature, no border, no brand, no copyrighted character, not a copy of an existing greeting card.","dark","accepted","content/pilot-2026-08/backgrounds/03.png","content/pilot-2026-08/final/den-rozhdeniya-zhenshchine-buket.jpg"
"04","День рождения женщине","den-rozhdeniya-zhenshchine-applikatsiya.jpg","С днём рождения!","Улыбок, гармонии и любви каждый день!","Открытка с объёмными бумажными цветами ручной работы","Layered paper-cut flowers with tactile handcrafted petals, warm peach, rose and cream paper, gentle dimensional shadows, tasteful artisanal composition.","Original portrait greeting-card background, 4:5 aspect ratio, polished editorial illustration or photography as specified, calm uncluttered upper third reserved for a later Russian headline and one short wish, balanced negative space, no text, no letters, no numbers, no logo, no watermark, no signature, no border, no brand, no copyrighted character, not a copy of an existing greeting card.","dark","accepted","content/pilot-2026-08/backgrounds/04.png","content/pilot-2026-08/final/den-rozhdeniya-zhenshchine-applikatsiya.jpg"
"05","День рождения женщине","den-rozhdeniya-zhenshchine-sad.jpg","Счастливого дня рождения!","Пусть впереди будет много светлых моментов!","Праздничная открытка с цветущим садом и подарком","Sunlit flowering garden, elegant wrapped gift on a small table, restrained confetti, joyful morning atmosphere, dreamy photographic realism, no people.","Original portrait greeting-card background, 4:5 aspect ratio, polished editorial illustration or photography as specified, calm uncluttered upper third reserved for a later Russian headline and one short wish, balanced negative space, no text, no letters, no numbers, no logo, no watermark, no signature, no border, no brand, no copyrighted character, not a copy of an existing greeting card.","dark","accepted","content/pilot-2026-08/backgrounds/05.png","content/pilot-2026-08/final/den-rozhdeniya-zhenshchine-sad.jpg"
"06","День рождения мужчине","den-rozhdeniya-muzhchine-gory.jpg","С днём рождения!","Желаю уверенно покорять новые вершины!","Открытка с рассветом над горными вершинами","Majestic mountain peaks at sunrise, subtle trail leading forward, crisp atmosphere, deep blue and warm amber palette, cinematic landscape photography, no person.","Original portrait greeting-card background, 4:5 aspect ratio, polished editorial illustration or photography as specified, calm uncluttered upper third reserved for a later Russian headline and one short wish, balanced negative space, no text, no letters, no numbers, no logo, no watermark, no signature, no border, no brand, no copyrighted character, not a copy of an existing greeting card.","light","accepted","content/pilot-2026-08/backgrounds/06.png","content/pilot-2026-08/final/den-rozhdeniya-muzhchine-gory.jpg"
"07","День рождения мужчине","den-rozhdeniya-muzhchine-avtomobil.jpg","С праздником!","Пусть удача сопровождает на каждом повороте!","Открытка с классическим автомобилем у мастерской","Original unbranded vintage roadster beside a tasteful workshop, no recognizable make or emblem, warm late-afternoon light, refined automotive editorial photography.","Original portrait greeting-card background, 4:5 aspect ratio, polished editorial illustration or photography as specified, calm uncluttered upper third reserved for a later Russian headline and one short wish, balanced negative space, no text, no letters, no numbers, no logo, no watermark, no signature, no border, no brand, no copyrighted character, not a copy of an existing greeting card.","dark","accepted","content/pilot-2026-08/backgrounds/07.png","content/pilot-2026-08/final/den-rozhdeniya-muzhchine-avtomobil.jpg"
"08","День рождения мужчине","den-rozhdeniya-muzhchine-parusnik.jpg","С днём рождения!","Попутного ветра и больших возможностей!","Открытка с парусником на спокойном море","Graceful sailboat on calm open water, distant horizon, noble navy and silver palette, clean cinematic realism, feeling of freedom and direction.","Original portrait greeting-card background, 4:5 aspect ratio, polished editorial illustration or photography as specified, calm uncluttered upper third reserved for a later Russian headline and one short wish, balanced negative space, no text, no letters, no numbers, no logo, no watermark, no signature, no border, no brand, no copyrighted character, not a copy of an existing greeting card.","light","accepted","content/pilot-2026-08/backgrounds/08.png","content/pilot-2026-08/final/den-rozhdeniya-muzhchine-parusnik.jpg"
"09","День рождения мужчине","den-rozhdeniya-muzhchine-natyurmort.jpg","С днём рождения!","Здоровья, достатка и времени для важного!","Тёмная открытка с книгой, часами и чашкой кофе","Sophisticated dark still life with a closed book, unbranded classic wristwatch and espresso cup, walnut surface, warm side light, premium but understated.","Original portrait greeting-card background, 4:5 aspect ratio, polished editorial illustration or photography as specified, calm uncluttered upper third reserved for a later Russian headline and one short wish, balanced negative space, no text, no letters, no numbers, no logo, no watermark, no signature, no border, no brand, no copyrighted character, not a copy of an existing greeting card.","light","accepted","content/pilot-2026-08/backgrounds/09.png","content/pilot-2026-08/final/den-rozhdeniya-muzhchine-natyurmort.jpg"
"10","День рождения мужчине","den-rozhdeniya-muzhchine-tort.jpg","Поздравляю!","Пусть каждый год открывает новые горизонты!","Современная открытка с праздничным тортом и гирляндой","Stylish birthday cake, abstract garland and restrained paper confetti, bold teal, ochre and burgundy graphic palette, contemporary editorial illustration, no gender stereotype.","Original portrait greeting-card background, 4:5 aspect ratio, polished editorial illustration or photography as specified, calm uncluttered upper third reserved for a later Russian headline and one short wish, balanced negative space, no text, no letters, no numbers, no logo, no watermark, no signature, no border, no brand, no copyrighted character, not a copy of an existing greeting card.","light","accepted","content/pilot-2026-08/backgrounds/10.png","content/pilot-2026-08/final/den-rozhdeniya-muzhchine-tort.jpg"
"11","Доброе утро","dobroe-utro-kofe-kruassan.jpg","Доброе утро!","Пусть день начнётся с улыбки!","Утренняя открытка с кофе и круассаном у окна","Fresh croissant and steaming coffee on a small table by a sunlit window, linen napkin, gentle morning shadows, cozy natural food photography.","Original portrait greeting-card background, 4:5 aspect ratio, polished editorial illustration or photography as specified, calm uncluttered upper third reserved for a later Russian headline and one short wish, balanced negative space, no text, no letters, no numbers, no logo, no watermark, no signature, no border, no brand, no copyrighted character, not a copy of an existing greeting card.","dark","accepted","content/pilot-2026-08/backgrounds/11.png","content/pilot-2026-08/final/dobroe-utro-kofe-kruassan.jpg"
"12","Доброе утро","dobroe-utro-chay-romashki.jpg","С добрым утром!","Желаю лёгкого и радостного дня!","Открытка с чашкой чая среди ромашек","Porcelain teacup among dew-covered daisies in a garden, soft watercolor and gouache illustration, fresh green and white palette, luminous morning air.","Original portrait greeting-card background, 4:5 aspect ratio, polished editorial illustration or photography as specified, calm uncluttered upper third reserved for a later Russian headline and one short wish, balanced negative space, no text, no letters, no numbers, no logo, no watermark, no signature, no border, no brand, no copyrighted character, not a copy of an existing greeting card.","dark","accepted","content/pilot-2026-08/backgrounds/12.png","content/pilot-2026-08/final/dobroe-utro-chay-romashki.jpg"
"13","Доброе утро","dobroe-utro-kot-u-okna.jpg","Доброе утро!","Пусть сегодня всё складывается удачно!","Добрая открытка с котом в солнечном окне","Original fluffy cat sitting by a bright window and greeting the first sunbeam, warm cozy storybook illustration, expressive but natural animal anatomy.","Original portrait greeting-card background, 4:5 aspect ratio, polished editorial illustration or photography as specified, calm uncluttered upper third reserved for a later Russian headline and one short wish, balanced negative space, no text, no letters, no numbers, no logo, no watermark, no signature, no border, no brand, no copyrighted character, not a copy of an existing greeting card.","dark","accepted","content/pilot-2026-08/backgrounds/13.png","content/pilot-2026-08/final/dobroe-utro-kot-u-okna.jpg"
"14","Доброе утро","dobroe-utro-rassvet-ozero.jpg","Бодрого утра!","Пусть новый день принесёт приятные открытия!","Открытка с рассветом над тихим озером","Misty lake at dawn, golden sun rising behind a pine forest, mirror-like water, tranquil cinematic landscape photography, fresh cool air.","Original portrait greeting-card background, 4:5 aspect ratio, polished editorial illustration or photography as specified, calm uncluttered upper third reserved for a later Russian headline and one short wish, balanced negative space, no text, no letters, no numbers, no logo, no watermark, no signature, no border, no brand, no copyrighted character, not a copy of an existing greeting card.","dark","accepted","content/pilot-2026-08/backgrounds/14.png","content/pilot-2026-08/final/dobroe-utro-rassvet-ozero.jpg"
"15","Доброе утро","dobroe-utro-svetlyy-stol.jpg","С добрым утром!","Пусть впереди ждёт только хорошее!","Минималистичная открытка со светлым утренним столом","Bright modern desk with a simple notebook, ceramic cup and green branch, Scandinavian calm, clean soft daylight, refined lifestyle photography.","Original portrait greeting-card background, 4:5 aspect ratio, polished editorial illustration or photography as specified, calm uncluttered upper third reserved for a later Russian headline and one short wish, balanced negative space, no text, no letters, no numbers, no logo, no watermark, no signature, no border, no brand, no copyrighted character, not a copy of an existing greeting card.","dark","accepted","content/pilot-2026-08/backgrounds/15.png","content/pilot-2026-08/final/dobroe-utro-svetlyy-stol.jpg"
"16","Хорошего дня","horoshego-dnya-romashki-yagody.jpg","Хорошего дня!","Пусть он будет добрым и солнечным!","Летняя открытка с ромашками и свежими ягодами","Fresh summer still life with daisies, strawberries and currants in natural sunlight, lively but uncluttered composition, crisp photographic realism.","Original portrait greeting-card background, 4:5 aspect ratio, polished editorial illustration or photography as specified, calm uncluttered upper third reserved for a later Russian headline and one short wish, balanced negative space, no text, no letters, no numbers, no logo, no watermark, no signature, no border, no brand, no copyrighted character, not a copy of an existing greeting card.","dark","accepted","content/pilot-2026-08/backgrounds/16.png","content/pilot-2026-08/final/horoshego-dnya-romashki-yagody.jpg"
"17","Хорошего дня","horoshego-dnya-solnechnyy-lug.jpg","Прекрасного дня!","Пусть настроение будет на высоте!","Открытка с солнечным лугом и бабочками","Sunny meadow with wildflowers, a winding path and a few delicate butterflies, optimistic painterly realism, blue sky and warm light.","Original portrait greeting-card background, 4:5 aspect ratio, polished editorial illustration or photography as specified, calm uncluttered upper third reserved for a later Russian headline and one short wish, balanced negative space, no text, no letters, no numbers, no logo, no watermark, no signature, no border, no brand, no copyrighted character, not a copy of an existing greeting card.","dark","accepted","content/pilot-2026-08/backgrounds/17.png","content/pilot-2026-08/final/horoshego-dnya-solnechnyy-lug.jpg"
"18","Хорошего дня","horoshego-dnya-gorodskoe-kafe.jpg","Удачного дня!","Пусть всё задуманное получится!","Открытка с уютным столиком в городском кафе","Charming city café terrace, cup of tea, small flowers and sun patterns on the table, welcoming European street atmosphere, no readable signs.","Original portrait greeting-card background, 4:5 aspect ratio, polished editorial illustration or photography as specified, calm uncluttered upper third reserved for a later Russian headline and one short wish, balanced negative space, no text, no letters, no numbers, no logo, no watermark, no signature, no border, no brand, no copyrighted character, not a copy of an existing greeting card.","dark","accepted","content/pilot-2026-08/backgrounds/18.png","content/pilot-2026-08/final/horoshego-dnya-gorodskoe-kafe.jpg"
"19","Хорошего дня","horoshego-dnya-zverek-na-share.jpg","Чудесного дня!","Пусть он подарит повод для улыбки!","Весёлая открытка со зверьком на воздушном шаре","Original cheerful small animal traveling in a whimsical hot-air balloon above soft clouds, colorful children's-book illustration, no known character.","Original portrait greeting-card background, 4:5 aspect ratio, polished editorial illustration or photography as specified, calm uncluttered upper third reserved for a later Russian headline and one short wish, balanced negative space, no text, no letters, no numbers, no logo, no watermark, no signature, no border, no brand, no copyrighted character, not a copy of an existing greeting card.","dark","accepted","content/pilot-2026-08/backgrounds/19.png","content/pilot-2026-08/final/horoshego-dnya-zverek-na-share.jpg"
"20","Хорошего дня","horoshego-dnya-abstraktnoe-solntse.jpg","Хорошего дня!","Больше света, радости и вдохновения!","Яркая открытка с абстрактным солнцем","Contemporary abstract sun made of clean organic shapes, energetic yellow, sky-blue and coral rhythm, modern screen-print texture, ample negative space.","Original portrait greeting-card background, 4:5 aspect ratio, polished editorial illustration or photography as specified, calm uncluttered upper third reserved for a later Russian headline and one short wish, balanced negative space, no text, no letters, no numbers, no logo, no watermark, no signature, no border, no brand, no copyrighted character, not a copy of an existing greeting card.","dark","accepted","content/pilot-2026-08/backgrounds/20.png","content/pilot-2026-08/final/horoshego-dnya-abstraktnoe-solntse.jpg"
"21","Спокойной ночи","spokoynoy-nochi-luna-oblaka.jpg","Спокойной ночи!","Пусть сон будет лёгким и добрым!","Ночная открытка с луной и мягкими облаками","Gentle crescent moon resting above soft clouds, tiny stars and subtle glow, dreamy watercolor, deep blue and lavender palette.","Original portrait greeting-card background, 4:5 aspect ratio, polished editorial illustration or photography as specified, calm uncluttered upper third reserved for a later Russian headline and one short wish, balanced negative space, no text, no letters, no numbers, no logo, no watermark, no signature, no border, no brand, no copyrighted character, not a copy of an existing greeting card.","light","accepted","content/pilot-2026-08/backgrounds/21.png","content/pilot-2026-08/final/spokoynoy-nochi-luna-oblaka.jpg"
"22","Спокойной ночи","spokoynoy-nochi-okno-pled.jpg","Доброй ночи!","Пусть вечер наполнится тишиной и уютом!","Уютная открытка с пледом и ночным окном","Cozy armchair with a folded blanket beside a night window, distant city lights, warm lamp glow, intimate cinematic interior, no person.","Original portrait greeting-card background, 4:5 aspect ratio, polished editorial illustration or photography as specified, calm uncluttered upper third reserved for a later Russian headline and one short wish, balanced negative space, no text, no letters, no numbers, no logo, no watermark, no signature, no border, no brand, no copyrighted character, not a copy of an existing greeting card.","light","accepted","content/pilot-2026-08/backgrounds/22.png","content/pilot-2026-08/final/spokoynoy-nochi-okno-pled.jpg"
"23","Спокойной ночи","spokoynoy-nochi-zvezdnoe-ozero.jpg","Спокойной ночи!","Пусть звёзды берегут твой сон!","Открытка со звёздным небом над озером","Star-filled sky reflected in a still lake, thin forest silhouette, subtle Milky Way, serene realistic night landscape, no artificial neon.","Original portrait greeting-card background, 4:5 aspect ratio, polished editorial illustration or photography as specified, calm uncluttered upper third reserved for a later Russian headline and one short wish, balanced negative space, no text, no letters, no numbers, no logo, no watermark, no signature, no border, no brand, no copyrighted character, not a copy of an existing greeting card.","light","accepted","content/pilot-2026-08/backgrounds/23.png","content/pilot-2026-08/final/spokoynoy-nochi-zvezdnoe-ozero.jpg"
"24","Спокойной ночи","spokoynoy-nochi-sonnyy-lisenok.jpg","Сладких снов!","Пусть утро встретит хорошим настроением!","Милая открытка со спящим лисёнком","Original sleepy fox cub curled under a small knitted blanket, moonlit nursery atmosphere, tender storybook illustration, natural paws and face.","Original portrait greeting-card background, 4:5 aspect ratio, polished editorial illustration or photography as specified, calm uncluttered upper third reserved for a later Russian headline and one short wish, balanced negative space, no text, no letters, no numbers, no logo, no watermark, no signature, no border, no brand, no copyrighted character, not a copy of an existing greeting card.","light","accepted","content/pilot-2026-08/backgrounds/24.png","content/pilot-2026-08/final/spokoynoy-nochi-sonnyy-lisenok.jpg"
"25","Спокойной ночи","spokoynoy-nochi-polumesyats.jpg","Доброй ночи!","Отдыхай и набирайся сил!","Минималистичная открытка с полумесяцем и звёздами","Minimal celestial composition with one elegant crescent and sparse stars on a velvet indigo background, subtle paper grain, refined graphic design.","Original portrait greeting-card background, 4:5 aspect ratio, polished editorial illustration or photography as specified, calm uncluttered upper third reserved for a later Russian headline and one short wish, balanced negative space, no text, no letters, no numbers, no logo, no watermark, no signature, no border, no brand, no copyrighted character, not a copy of an existing greeting card.","light","accepted","content/pilot-2026-08/backgrounds/25.png","content/pilot-2026-08/final/spokoynoy-nochi-polumesyats.jpg"
"26","Новый год","novyy-god-el-shary.jpg","С Новым годом!","Пусть он принесёт счастье и добрые перемены!","Новогодняя открытка с еловыми ветками и стеклянными шарами","Snow-dusted fir branches and elegant glass ornaments, classic red, green and champagne-gold palette, soft festive bokeh, premium holiday photography.","Original portrait greeting-card background, 4:5 aspect ratio, polished editorial illustration or photography as specified, calm uncluttered upper third reserved for a later Russian headline and one short wish, balanced negative space, no text, no letters, no numbers, no logo, no watermark, no signature, no border, no brand, no copyrighted character, not a copy of an existing greeting card.","dark","accepted","content/pilot-2026-08/backgrounds/26.png","content/pilot-2026-08/final/novyy-god-el-shary.jpg"
"27","Новый год","novyy-god-kamin-podarki.jpg","С Новым годом!","Тепла, уюта и исполнения желаний!","Уютная новогодняя открытка с камином и подарками","Cozy fireplace, tasteful wrapped gifts, candles and knitted blanket, warm amber light, inviting winter interior, no stockings with letters.","Original portrait greeting-card background, 4:5 aspect ratio, polished editorial illustration or photography as specified, calm uncluttered upper third reserved for a later Russian headline and one short wish, balanced negative space, no text, no letters, no numbers, no logo, no watermark, no signature, no border, no brand, no copyrighted character, not a copy of an existing greeting card.","dark","accepted","content/pilot-2026-08/backgrounds/27.png","content/pilot-2026-08/final/novyy-god-kamin-podarki.jpg"
"28","Новый год","novyy-god-snezhnyy-gorodok.jpg","С Новым годом!","Пусть впереди ждёт много чудес!","Акварельная открытка со снежным городком","Small snow-covered town with glowing lanterns and gentle falling snow, lyrical watercolor illustration, blue evening and warm windows, no signs.","Original portrait greeting-card background, 4:5 aspect ratio, polished editorial illustration or photography as specified, calm uncluttered upper third reserved for a later Russian headline and one short wish, balanced negative space, no text, no letters, no numbers, no logo, no watermark, no signature, no border, no brand, no copyrighted character, not a copy of an existing greeting card.","light","accepted","content/pilot-2026-08/backgrounds/28.png","content/pilot-2026-08/final/novyy-god-snezhnyy-gorodok.jpg"
"29","Новый год","novyy-god-polnochnye-iskry.jpg","Счастливого Нового года!","Радости, удачи и ярких событий!","Минималистичная новогодняя открытка с золотыми искрами","Minimal midnight-blue composition with a fir sprig, restrained golden sparks and soft light, elegant contemporary festive design, no clock or numbers.","Original portrait greeting-card background, 4:5 aspect ratio, polished editorial illustration or photography as specified, calm uncluttered upper third reserved for a later Russian headline and one short wish, balanced negative space, no text, no letters, no numbers, no logo, no watermark, no signature, no border, no brand, no copyrighted character, not a copy of an existing greeting card.","light","accepted","content/pilot-2026-08/backgrounds/29.png","content/pilot-2026-08/final/novyy-god-polnochnye-iskry.jpg"
"30","Новый год","novyy-god-snegovik-les.jpg","С Новым годом!","Пусть праздник подарит настоящее волшебство!","Добрая новогодняя открытка со снеговиком и лесными зверями","Original friendly snowman with small woodland animals in a snowy forest clearing, magical warm lantern light, painterly storybook style, no known character.","Original portrait greeting-card background, 4:5 aspect ratio, polished editorial illustration or photography as specified, calm uncluttered upper third reserved for a later Russian headline and one short wish, balanced negative space, no text, no letters, no numbers, no logo, no watermark, no signature, no border, no brand, no copyrighted character, not a copy of an existing greeting card.","dark","accepted","content/pilot-2026-08/backgrounds/30.png","content/pilot-2026-08/final/novyy-god-snegovik-les.jpg"
"31","8 Марта","8-marta-tyulpany.jpg","С 8 Марта!","Пусть весна подарит радость и вдохновение!","Весенняя открытка с ярким букетом тюльпанов","Fresh vibrant tulip bouquet on a light background, soft realistic shadows, coral, pink and yellow flowers, elegant spring photography.","Original portrait greeting-card background, 4:5 aspect ratio, polished editorial illustration or photography as specified, calm uncluttered upper third reserved for a later Russian headline and one short wish, balanced negative space, no text, no letters, no numbers, no logo, no watermark, no signature, no border, no brand, no copyrighted character, not a copy of an existing greeting card.","dark","accepted","content/pilot-2026-08/backgrounds/31.png","content/pilot-2026-08/final/8-marta-tyulpany.jpg"
"32","8 Марта","8-marta-mimoza.jpg","С 8 Марта!","Тепла, улыбок и солнечного настроения!","Открытка с веточками мимозы на фоне весеннего неба","Delicate yellow mimosa branches against a pale spring-blue background, airy sunlight, fine botanical detail, fresh optimistic editorial style.","Original portrait greeting-card background, 4:5 aspect ratio, polished editorial illustration or photography as specified, calm uncluttered upper third reserved for a later Russian headline and one short wish, balanced negative space, no text, no letters, no numbers, no logo, no watermark, no signature, no border, no brand, no copyrighted character, not a copy of an existing greeting card.","dark","accepted","content/pilot-2026-08/backgrounds/32.png","content/pilot-2026-08/final/8-marta-mimoza.jpg"
"33","8 Марта","8-marta-piony-podarok.jpg","С праздником весны!","Пусть каждый день будет наполнен красотой!","Открытка с пионами и подарком с шёлковой лентой","Lush peonies beside a refined gift box with an unmarked silk ribbon, cream and dusty rose palette, soft luxury still-life photography.","Original portrait greeting-card background, 4:5 aspect ratio, polished editorial illustration or photography as specified, calm uncluttered upper third reserved for a later Russian headline and one short wish, balanced negative space, no text, no letters, no numbers, no logo, no watermark, no signature, no border, no brand, no copyrighted character, not a copy of an existing greeting card.","dark","accepted","content/pilot-2026-08/backgrounds/33.png","content/pilot-2026-08/final/8-marta-piony-podarok.jpg"
"34","8 Марта","8-marta-vesennyaya-akvarel.jpg","С 8 Марта!","Счастья, гармонии и прекрасных мгновений!","Акварельная открытка с нарциссами и весенними веточками","Watercolor daffodils and tender spring branches, translucent yellow and green washes on textured ivory paper, light graceful composition.","Original portrait greeting-card background, 4:5 aspect ratio, polished editorial illustration or photography as specified, calm uncluttered upper third reserved for a later Russian headline and one short wish, balanced negative space, no text, no letters, no numbers, no logo, no watermark, no signature, no border, no brand, no copyrighted character, not a copy of an existing greeting card.","dark","accepted","content/pilot-2026-08/backgrounds/34.png","content/pilot-2026-08/final/8-marta-vesennyaya-akvarel.jpg"
"35","8 Марта","8-marta-botanicheskiy-venok.jpg","С 8 Марта!","Пусть всё вокруг расцветает вместе с тобой!","Минималистичная открытка с ботаническим цветочным венком","Elegant asymmetrical botanical wreath of leaves and small spring flowers, clean warm-white background, modern minimal illustration, open center.","Original portrait greeting-card background, 4:5 aspect ratio, polished editorial illustration or photography as specified, calm uncluttered upper third reserved for a later Russian headline and one short wish, balanced negative space, no text, no letters, no numbers, no logo, no watermark, no signature, no border, no brand, no copyrighted character, not a copy of an existing greeting card.","dark","accepted","content/pilot-2026-08/backgrounds/35.png","content/pilot-2026-08/final/8-marta-botanicheskiy-venok.jpg"
"36","23 Февраля","23-fevralya-stalnaya-grafika.jpg","С 23 Февраля!","Желаю силы, уверенности и удачи!","Строгая открытка с сине-стальной геометрической композицией","Abstract steel-blue and warm copper ribbons, precise geometric rays, restrained modern graphic design expressing strength, no flag, no crest, no military insignia.","Original portrait greeting-card background, 4:5 aspect ratio, polished editorial illustration or photography as specified, calm uncluttered upper third reserved for a later Russian headline and one short wish, balanced negative space, no text, no letters, no numbers, no logo, no watermark, no signature, no border, no brand, no copyrighted character, not a copy of an existing greeting card.","light","accepted","content/pilot-2026-08/backgrounds/36.png","content/pilot-2026-08/final/23-fevralya-stalnaya-grafika.jpg"
"37","23 Февраля","23-fevralya-kompas-marshrut.jpg","С праздником!","Пусть выбранный путь ведёт к успеху!","Открытка с компасом и походным блокнотом","Unbranded brass compass, closed field notebook and neutral map without labels, textured wood, warm directional light, refined adventure still life.","Original portrait greeting-card background, 4:5 aspect ratio, polished editorial illustration or photography as specified, calm uncluttered upper third reserved for a later Russian headline and one short wish, balanced negative space, no text, no letters, no numbers, no logo, no watermark, no signature, no border, no brand, no copyrighted character, not a copy of an existing greeting card.","light","accepted","content/pilot-2026-08/backgrounds/37.png","content/pilot-2026-08/final/23-fevralya-kompas-marshrut.jpg"
"38","23 Февраля","23-fevralya-parus-gorizont.jpg","С 23 Февраля!","Стойкости, спокойствия и попутного ветра!","Открытка с парусником и морским горизонтом","Strong single sail against a broad calm horizon, cool navy palette and clear light, visual metaphor of steadiness, no navy emblems or flags.","Original portrait greeting-card background, 4:5 aspect ratio, polished editorial illustration or photography as specified, calm uncluttered upper third reserved for a later Russian headline and one short wish, balanced negative space, no text, no letters, no numbers, no logo, no watermark, no signature, no border, no brand, no copyrighted character, not a copy of an existing greeting card.","light","accepted","content/pilot-2026-08/backgrounds/38.png","content/pilot-2026-08/final/23-fevralya-parus-gorizont.jpg"
"39","23 Февраля","23-fevralya-masterskaya.jpg","Поздравляю!","Здоровья, энергии и новых достижений!","Открытка с аккуратными инструментами в тёплой мастерской","Tastefully arranged unbranded hand tools in a clean woodworking studio, oak textures, warm window light, craftsmanship and reliability, no weapon-like objects.","Original portrait greeting-card background, 4:5 aspect ratio, polished editorial illustration or photography as specified, calm uncluttered upper third reserved for a later Russian headline and one short wish, balanced negative space, no text, no letters, no numbers, no logo, no watermark, no signature, no border, no brand, no copyrighted character, not a copy of an existing greeting card.","dark","accepted","content/pilot-2026-08/backgrounds/39.png","content/pilot-2026-08/final/23-fevralya-masterskaya.jpg"
"40","23 Февраля","23-fevralya-abstraktnyy-shchit.jpg","С 23 Февраля!","Пусть рядом всегда будут надёжные люди!","Современная открытка с абстрактной формой щита","Abstract shield-like form built from layered blue and bronze paper geometry, contemporary emblematic design, no weapon, no eagle, no state or military symbol.","Original portrait greeting-card background, 4:5 aspect ratio, polished editorial illustration or photography as specified, calm uncluttered upper third reserved for a later Russian headline and one short wish, balanced negative space, no text, no letters, no numbers, no logo, no watermark, no signature, no border, no brand, no copyrighted character, not a copy of an existing greeting card.","light","accepted","content/pilot-2026-08/backgrounds/40.png","content/pilot-2026-08/final/23-fevralya-abstraktnyy-shchit.jpg"
"41","9 Мая","9-maya-gvozdiki-ogon.jpg","С Днём Победы!","Мирного неба и светлой памяти!","Памятная открытка с красными гвоздиками и мемориальным огнём","Red carnations beside a soft abstract memorial flame, dark stone, quiet dawn light, solemn respectful photographic realism, no flag, no slogan.","Original portrait greeting-card background, 4:5 aspect ratio, polished editorial illustration or photography as specified, calm uncluttered upper third reserved for a later Russian headline and one short wish, balanced negative space, no text, no letters, no numbers, no logo, no watermark, no signature, no border, no brand, no copyrighted character, not a copy of an existing greeting card.","dark","accepted","content/pilot-2026-08/backgrounds/41.png","content/pilot-2026-08/final/9-maya-gvozdiki-ogon.jpg"
"42","9 Мая","9-maya-rassvet-memorial.jpg","С Днём Победы!","Пусть память объединяет поколения!","Открытка с тихим мемориалом в лучах рассвета","Distant generic memorial silhouette at sunrise, empty peaceful square, long warm light and quiet atmosphere, no identifiable monument, inscription or emblem.","Original portrait greeting-card background, 4:5 aspect ratio, polished editorial illustration or photography as specified, calm uncluttered upper third reserved for a later Russian headline and one short wish, balanced negative space, no text, no letters, no numbers, no logo, no watermark, no signature, no border, no brand, no copyrighted character, not a copy of an existing greeting card.","dark","accepted","content/pilot-2026-08/backgrounds/42.png","content/pilot-2026-08/final/9-maya-rassvet-memorial.jpg"
"43","9 Мая","9-maya-pismo-pamyati.jpg","9 Мая — день памяти.","Благодарим за мир и храним историю!","Памятная открытка с фронтовым письмом и гвоздикой","Generic folded wartime triangular letter with no readable writing, single carnation on aged wooden table, gentle natural light, historically respectful still life.","Original portrait greeting-card background, 4:5 aspect ratio, polished editorial illustration or photography as specified, calm uncluttered upper third reserved for a later Russian headline and one short wish, balanced negative space, no text, no letters, no numbers, no logo, no watermark, no signature, no border, no brand, no copyrighted character, not a copy of an existing greeting card.","dark","accepted","content/pilot-2026-08/backgrounds/43.png","content/pilot-2026-08/final/9-maya-pismo-pamyati.jpg"
"44","9 Мая","9-maya-belyy-golub.jpg","С Днём Победы!","Мира, добра и спокойствия каждому дому!","Светлая открытка с белым голубем и красными цветами","White dove in a bright open sky above subtle red carnations, peaceful luminous painterly realism, restrained symbolism, no flags or political marks.","Original portrait greeting-card background, 4:5 aspect ratio, polished editorial illustration or photography as specified, calm uncluttered upper third reserved for a later Russian headline and one short wish, balanced negative space, no text, no letters, no numbers, no logo, no watermark, no signature, no border, no brand, no copyrighted character, not a copy of an existing greeting card.","dark","accepted","content/pilot-2026-08/backgrounds/44.png","content/pilot-2026-08/final/9-maya-belyy-golub.jpg"
"45","9 Мая","9-maya-semeynaya-pamyat.jpg","Помним. Благодарим.","Пусть в мире всегда будет место добру!","Открытка с семейным альбомом, цветами и свечой","Closed vintage family album with no visible faces, carnations and one warm remembrance candle, intimate respectful still life, no medals or readable documents.","Original portrait greeting-card background, 4:5 aspect ratio, polished editorial illustration or photography as specified, calm uncluttered upper third reserved for a later Russian headline and one short wish, balanced negative space, no text, no letters, no numbers, no logo, no watermark, no signature, no border, no brand, no copyrighted character, not a copy of an existing greeting card.","dark","accepted","content/pilot-2026-08/backgrounds/45.png","content/pilot-2026-08/final/9-maya-semeynaya-pamyat.jpg"
"46","14 Февраля","14-fevralya-bumazhnye-serdtsa.jpg","С Днём всех влюблённых!","Пусть любовь согревает каждый день!","Романтическая открытка с бумажными сердцами","Layered handmade paper hearts casting soft shadows, modern coral, crimson and blush palette, elegant tactile craft aesthetic, no letters.","Original portrait greeting-card background, 4:5 aspect ratio, polished editorial illustration or photography as specified, calm uncluttered upper third reserved for a later Russian headline and one short wish, balanced negative space, no text, no letters, no numbers, no logo, no watermark, no signature, no border, no brand, no copyrighted character, not a copy of an existing greeting card.","dark","accepted","content/pilot-2026-08/backgrounds/46.png","content/pilot-2026-08/final/14-fevralya-bumazhnye-serdtsa.jpg"
"47","14 Февраля","14-fevralya-dve-chashki.jpg","С 14 Февраля!","Как хорошо, что мы есть друг у друга!","Уютная открытка с двумя чашками и руками влюблённых","Two warm mugs on a cozy table, two adult hands gently touching, faces outside the frame, soft window light, intimate inclusive lifestyle photography.","Original portrait greeting-card background, 4:5 aspect ratio, polished editorial illustration or photography as specified, calm uncluttered upper third reserved for a later Russian headline and one short wish, balanced negative space, no text, no letters, no numbers, no logo, no watermark, no signature, no border, no brand, no copyrighted character, not a copy of an existing greeting card.","dark","accepted","content/pilot-2026-08/backgrounds/47.png","content/pilot-2026-08/final/14-fevralya-dve-chashki.jpg"
"48","14 Февраля","14-fevralya-akvarelnye-ptitsy.jpg","С Днём влюблённых!","Пусть наши чувства становятся только крепче!","Акварельная открытка с двумя птицами на цветущей ветке","Two original small lovebirds on a flowering branch, delicate watercolor, blush and burgundy accents, tender balanced composition, natural bird anatomy.","Original portrait greeting-card background, 4:5 aspect ratio, polished editorial illustration or photography as specified, calm uncluttered upper third reserved for a later Russian headline and one short wish, balanced negative space, no text, no letters, no numbers, no logo, no watermark, no signature, no border, no brand, no copyrighted character, not a copy of an existing greeting card.","dark","accepted","content/pilot-2026-08/backgrounds/48.png","content/pilot-2026-08/final/14-fevralya-akvarelnye-ptitsy.jpg"
"49","14 Февраля","14-fevralya-shokolad-tsvety.jpg","С 14 Февраля!","Нежности, тепла и счастливых моментов!","Открытка с шоколадом и нежным букетом","Artisanal unbranded chocolates, a small romantic bouquet and ribbon on linen, warm moody still-life photography, sophisticated and not commercial.","Original portrait greeting-card background, 4:5 aspect ratio, polished editorial illustration or photography as specified, calm uncluttered upper third reserved for a later Russian headline and one short wish, balanced negative space, no text, no letters, no numbers, no logo, no watermark, no signature, no border, no brand, no copyrighted character, not a copy of an existing greeting card.","light","accepted","content/pilot-2026-08/backgrounds/49.png","content/pilot-2026-08/final/14-fevralya-shokolad-tsvety.jpg"
"50","14 Февраля","14-fevralya-geometriya-lyubvi.jpg","Люблю тебя!","Пусть у нашей истории будет счастливое продолжение!","Минималистичная открытка с красно-розовыми формами сердца","Abstract heart suggested by interlocking red, rose and burgundy geometric forms, contemporary editorial poster texture, expressive negative space, no typography.","Original portrait greeting-card background, 4:5 aspect ratio, polished editorial illustration or photography as specified, calm uncluttered upper third reserved for a later Russian headline and one short wish, balanced negative space, no text, no letters, no numbers, no logo, no watermark, no signature, no border, no brand, no copyrighted character, not a copy of an existing greeting card.","dark","accepted","content/pilot-2026-08/backgrounds/50.png","content/pilot-2026-08/final/14-fevralya-geometriya-lyubvi.jpg"
